{"cameraMode":{"drawMode":0,"name":"Shaded","section":"Shading Mode"},"sceneLighting":true,"audioPlay":false,"sceneViewState":{"showFog":true,"showMaterialUpdate":false,"showSkybox":true,"showFlares":true,"showImageEffects":true,"showParticleSystems":true},"in2DMode":false,"pivot":{"x":1.489567518234253,"y":1.3143571615219117,"z":-0.7183127403259277},"rotation":{"x":-0.20724955201148988,"y":-0.022891800850629808,"z":0.004850890953093767,"w":-0.9780082106590271},"size":4.24523401260376,"orthographic":false}