{"cameraMode":{"drawMode":0,"name":"Shaded","section":"Shading Mode"},"sceneLighting":true,"audioPlay":false,"sceneViewState":{"showFog":true,"showMaterialUpdate":false,"showSkybox":true,"showFlares":true,"showImageEffects":true,"showParticleSystems":true},"in2DMode":false,"pivot":{"x":73.72341918945313,"y":-25.688323974609376,"z":49.27585220336914},"rotation":{"x":-0.13709576427936555,"y":-0.4360215365886688,"z":0.06738828122615814,"w":-0.8868759274482727},"size":97.38880920410156,"orthographic":false}