{"cameraMode":{"drawMode":0,"name":"Shaded","section":"Shading Mode"},"sceneLighting":true,"audioPlay":false,"sceneViewState":{"showFog":true,"showMaterialUpdate":false,"showSkybox":true,"showFlares":true,"showImageEffects":true,"showParticleSystems":true},"in2DMode":false,"pivot":{"x":76.07972717285156,"y":-63.82454299926758,"z":44.5950927734375},"rotation":{"x":-0.28697848320007326,"y":-0.44142428040504458,"z":0.15138456225395204,"w":-0.8365827798843384},"size":113.25847625732422,"orthographic":false}