{"cameraMode":{"drawMode":0,"name":"Shaded","section":"Shading Mode"},"sceneLighting":true,"audioPlay":false,"sceneViewState":{"showFog":true,"showMaterialUpdate":false,"showSkybox":true,"showFlares":true,"showImageEffects":true,"showParticleSystems":true},"in2DMode":false,"pivot":{"x":84.72737121582031,"y":-50.01051330566406,"z":57.8387336730957},"rotation":{"x":-0.21125110983848573,"y":-0.4275944232940674,"z":0.10344953089952469,"w":-0.8728311061859131},"size":117.16159057617188,"orthographic":false}